City_ID,City,Country,Lat,Lng,Max Temp,Humidity,Cloudiness,Wind Speed,Current Description
0,Havre-Saint-Pierre,CA,50.2334,-63.5986,7.16,85,100,17.27,overcast clouds
1,Souillac,MU,-20.5167,57.5167,80.37,85,84,15.68,light rain
2,Vung Tau,VN,10.346,107.0843,77.74,81,52,18.12,broken clouds
3,Bethel,US,41.3712,-73.414,25.95,47,0,8.05,light snow
4,Port Elizabeth,ZA,-33.918,25.5701,75.09,87,100,15.57,overcast clouds
5,Atuona,PF,-9.8,-139.0333,77.81,77,26,14.65,light rain
6,Trairi,BR,-3.2778,-39.2689,77.38,87,100,5.77,overcast clouds
7,Awbari,LY,26.5921,12.7805,49.44,42,0,6.51,clear sky
8,Beterou,BJ,9.1992,2.2586,81.84,11,100,4.94,overcast clouds
9,Mar Del Plata,AR,-38.0023,-57.5575,84.87,56,75,17.0,broken clouds
10,Vaini,TO,-21.2,-175.2,80.64,75,100,10.92,overcast clouds
11,Jamestown,US,42.097,-79.2353,21.02,53,100,4.0,overcast clouds
12,Kaeo,NZ,-35.1,173.7833,67.32,86,100,12.17,overcast clouds
13,Pokhara,NP,28.2333,83.9833,49.42,82,74,1.48,broken clouds
14,Ambilobe,MG,-13.2,49.05,75.6,93,100,2.28,light rain
15,Hermanus,ZA,-34.4187,19.2345,71.8,77,100,15.35,overcast clouds
16,Viedma,AR,-40.8135,-62.9967,65.55,33,100,13.47,overcast clouds
17,General Pico,AR,-35.6566,-63.7568,90.5,20,0,2.39,clear sky
18,Half Moon Bay,US,37.4636,-122.4286,62.31,79,20,1.99,mist
19,Albany,US,42.6001,-73.9662,22.15,36,59,3.0,broken clouds
20,Praia Da Vitoria,PT,38.7333,-27.0667,59.76,80,20,21.88,few clouds
21,Vazante,BR,-17.9869,-46.9078,78.28,74,100,5.55,light rain
22,Rikitea,PF,-23.1203,-134.9692,76.12,62,99,4.54,overcast clouds
23,Kapaa,US,22.0752,-159.319,75.47,71,20,1.01,few clouds
24,Rodrigues Alves,BR,-7.738,-72.6509,87.53,50,99,4.07,overcast clouds
25,Arraial Do Cabo,BR,-22.9661,-42.0278,84.06,70,40,11.5,scattered clouds
26,Bilma,NE,18.6853,12.9164,63.05,15,0,13.67,clear sky
27,Deputatskiy,RU,69.3,139.9,-24.84,100,87,2.48,overcast clouds
28,Ayolas,PY,-27.4,-56.9,100.18,18,0,3.33,light rain
29,Mahebourg,MU,-20.4081,57.7,80.26,83,97,18.05,light rain
30,Provideniya,RU,64.3833,-173.3,4.6,81,1,7.67,clear sky
31,Fereydun Kenar,IR,36.6864,52.5225,49.95,65,0,2.46,clear sky
32,Nikolskoye,RU,59.7035,30.7861,30.7,96,100,7.31,snow
33,Butaritari,KI,3.0707,172.7902,81.64,77,77,21.81,light rain
34,Ushuaia,AR,-54.8,-68.3,47.86,71,75,29.93,light intensity drizzle
35,Tiksi,RU,71.6872,128.8694,-17.66,100,97,4.5,overcast clouds
36,Yellowknife,CA,62.456,-114.3525,-12.48,77,100,9.22,light snow
37,Imeni Poliny Osipenko,RU,52.4201,136.4853,-4.85,99,100,4.23,overcast clouds
38,Beipiao,CN,41.7919,120.7792,17.83,44,100,1.79,overcast clouds
39,Groningen,NL,53.25,6.75,40.03,83,100,9.22,overcast clouds
40,Naze,JP,28.3667,129.4833,52.52,69,100,21.27,overcast clouds
41,Mozaceni,RO,44.5667,25.1667,38.89,60,9,19.93,clear sky
42,Saldanha,ZA,-33.0117,17.9442,66.0,89,100,15.46,overcast clouds
43,Batagay,RU,67.6333,134.6333,-34.29,99,73,2.17,broken clouds
44,Pevek,RU,69.7008,170.3133,-11.42,95,100,3.67,overcast clouds
45,El Alto,PE,-4.2714,-81.2147,80.26,66,97,10.38,overcast clouds
46,Hobart,AU,-42.8794,147.3294,57.06,94,75,1.01,broken clouds
47,Cape Town,ZA,-33.9258,18.4232,70.11,82,100,7.0,overcast clouds
48,Jiuquan,CN,39.7432,98.5174,16.95,45,100,5.35,overcast clouds
49,Menongue,AO,-14.6585,17.691,64.24,76,100,7.07,overcast clouds
50,San Andres,CO,12.5847,-81.7006,82.42,69,75,10.36,broken clouds
51,Bluff,NZ,-46.6,168.3333,59.81,91,100,3.91,overcast clouds
52,Kruisfontein,ZA,-34.0033,24.7314,72.88,87,100,12.28,overcast clouds
53,Mataura,NZ,-46.1927,168.8643,59.49,96,41,1.14,scattered clouds
54,Anloga,GH,5.7947,0.8973,80.91,58,100,11.18,overcast clouds
55,Esperance,AU,-33.8667,121.9,70.29,66,74,9.17,broken clouds
56,Byron Bay,AU,-28.65,153.6167,72.88,89,78,7.11,light rain
57,Carnarvon,AU,-24.8667,113.6333,78.87,83,77,19.57,broken clouds
58,Aykhal,RU,66.0,111.5,-21.53,100,84,3.15,broken clouds
59,Haines Junction,CA,60.7522,-137.5108,3.52,95,97,3.2,overcast clouds
60,Longyearbyen,SJ,78.2186,15.6401,8.44,66,0,18.41,clear sky
61,Amahai,ID,-3.3333,128.9167,78.98,81,100,8.97,overcast clouds
62,Pocone,BR,-16.2567,-56.6228,76.57,91,100,5.08,overcast clouds
63,Saint-Felicien,CA,48.6501,-72.4491,9.82,76,49,12.95,scattered clouds
64,Kon Tum,VN,14.35,108.0,64.56,98,73,2.48,broken clouds
65,Airai,TL,-8.9266,125.4092,61.18,94,96,4.0,overcast clouds
66,Kautokeino,NO,69.0125,23.0412,-5.6,98,20,3.15,few clouds
67,Manono,CD,-7.3,27.4167,69.76,96,100,3.42,overcast clouds
68,Oranjemund,NA,-28.55,16.4333,68.41,78,99,3.65,overcast clouds
69,Kang,BW,-23.6752,22.7876,70.54,73,100,10.04,overcast clouds
70,Linjiang,CN,41.8069,126.9078,-0.99,99,29,0.89,scattered clouds
71,Conceicao Do Araguaia,BR,-8.2578,-49.2647,80.73,77,100,5.48,overcast clouds
72,Port Alfred,ZA,-33.5906,26.891,74.95,86,100,21.43,overcast clouds
73,Kavaratti,IN,10.5669,72.642,81.3,72,24,11.01,few clouds
74,Kirovskiy,RU,45.0917,133.5136,-6.11,100,100,1.63,overcast clouds
75,Castro,BR,-24.7911,-50.0119,63.95,98,100,5.23,overcast clouds
76,Lagoa,PT,39.05,-27.9833,57.78,68,36,23.47,scattered clouds
77,Cherskiy,RU,68.75,161.3,-24.81,98,100,4.03,overcast clouds
78,Husavik,IS,66.0449,-17.3389,24.42,70,24,25.1,few clouds
79,Tuyen Quang,VN,21.8233,105.2181,54.79,86,100,1.03,overcast clouds
80,Porto Murtinho,BR,-21.6989,-57.8825,105.15,18,0,1.63,clear sky
81,Salalah,OM,17.0151,54.0924,73.49,64,0,4.61,clear sky
82,San Ramon,US,37.7799,-121.978,59.38,69,0,1.01,haze
83,Karlskrona,SE,56.1616,15.5866,37.85,55,2,18.68,clear sky
84,Cayenne,GF,4.9333,-52.3333,80.64,86,100,3.0,overcast clouds
85,Kankon,IN,15.0167,74.0167,76.8,62,6,7.74,clear sky
86,Lebu,CL,-37.6167,-73.65,62.85,62,2,17.45,clear sky
87,La Reforma,MX,25.0833,-108.05,82.74,34,2,8.52,clear sky
88,Vostok,RU,46.4856,135.8833,-21.75,99,63,3.65,broken clouds
89,Tonantins,BR,-2.8731,-67.8022,89.96,53,56,4.05,broken clouds
90,Lastoursville,GA,-0.8143,12.7287,78.19,68,100,2.64,overcast clouds
91,Ulaanbaatar,MN,47.9077,106.8832,-18.27,69,0,2.24,clear sky
92,Erzin,TR,36.9559,36.2,45.12,80,63,6.71,broken clouds
93,Port Lincoln,AU,-34.7333,135.8667,65.89,85,2,9.64,clear sky
94,Chuy,UY,-33.6971,-53.4616,78.76,53,73,12.86,broken clouds
95,Manjeshwar,IN,12.7194,74.8861,79.75,79,0,6.82,clear sky
96,Saint-Philippe,RE,-21.3585,55.7679,80.19,81,33,10.98,scattered clouds
97,Shimoda,JP,34.6667,138.95,37.11,62,96,10.49,overcast clouds
98,Victoria,HK,22.2855,114.1577,59.32,76,83,1.99,broken clouds
99,New Norfolk,AU,-42.7826,147.0587,56.71,75,4,2.08,clear sky
100,Dalianwan,CN,39.0286,121.695,23.04,80,0,2.24,clear sky
101,Bredasdorp,ZA,-34.5322,20.0403,71.28,84,100,11.79,overcast clouds
102,Ribeira Grande,PT,38.5167,-28.7,59.4,67,40,18.41,scattered clouds
103,Umuarama,BR,-23.7664,-53.325,83.68,57,36,3.6,scattered clouds
104,Punta Arenas,CL,-53.15,-70.9167,53.71,43,75,32.21,broken clouds
105,Tuktoyaktuk,CA,69.4541,-133.0374,-4.02,96,100,17.36,overcast clouds
106,Busselton,AU,-33.65,115.3333,64.09,70,84,19.51,broken clouds
107,Narsaq,GL,60.9167,-46.05,10.62,63,100,10.45,light snow
108,Fuling,CN,29.7022,107.3919,43.83,85,100,2.91,overcast clouds
109,Port Hardy,CA,50.6996,-127.4199,40.75,88,100,9.01,light rain
110,Namibe,AO,-15.1961,12.1522,73.22,73,100,6.31,overcast clouds
111,Margate,GB,51.3813,1.3862,42.66,79,100,4.0,overcast clouds
112,Egvekinot,RU,66.3167,-179.1667,0.03,63,67,8.14,broken clouds
113,Ancud,CL,-41.8697,-73.8203,64.42,57,55,11.39,broken clouds
114,Avarua,CK,-21.2078,-159.775,78.85,89,75,10.36,broken clouds
115,Boca Do Acre,BR,-8.7522,-67.3978,83.21,71,74,2.75,broken clouds
116,Constitucion,CL,-35.3333,-72.4167,69.96,63,4,19.62,clear sky
117,Wattegama,LK,6.7989,81.4808,76.12,96,33,3.89,scattered clouds
118,Miles City,US,46.4083,-105.8406,45.52,56,100,5.75,overcast clouds
119,Moba,CN,33.2288,105.0179,16.56,74,91,4.7,overcast clouds
120,Teguldet,RU,57.3064,88.1667,-6.12,99,71,3.24,broken clouds
121,Hay River,CA,60.8156,-115.7999,2.25,91,100,6.53,overcast clouds
122,Adrar,MR,20.5022,-10.0711,79.72,11,99,9.28,overcast clouds
123,Timra,SE,62.487,17.3257,31.68,84,12,11.5,few clouds
124,Hamilton,US,39.1834,-84.5333,40.08,55,0,1.01,clear sky
125,Srivardhan,IN,18.0333,73.0167,70.74,59,0,4.94,clear sky
126,Chokurdakh,RU,70.6333,147.9167,-29.9,88,18,1.81,few clouds
127,Luanda,AO,-8.8368,13.2343,78.91,83,100,9.91,overcast clouds
128,Poum,NC,-20.2333,164.0167,79.72,78,100,8.5,overcast clouds
129,Alice Springs,AU,-23.7,133.8833,72.95,100,100,8.05,overcast clouds
130,Torbay,CA,47.6666,-52.7314,44.76,84,100,29.75,overcast clouds
131,Bilibino,RU,68.0546,166.4372,-10.46,93,99,4.83,overcast clouds
132,Norman Wells,CA,65.282,-126.8329,-20.02,99,91,4.83,overcast clouds
133,Kuching,MY,1.55,110.3333,77.22,94,40,2.3,scattered clouds
134,Acapulco,MX,16.8634,-99.8901,84.02,70,0,10.36,clear sky
135,Bathsheba,BB,13.2167,-59.5167,83.01,61,40,19.57,scattered clouds
136,Mineros,BO,-17.1167,-63.2333,98.19,32,41,2.98,scattered clouds
137,Skjervoy,NO,70.0311,20.9714,28.58,76,97,7.63,overcast clouds
138,Aguadilla,PR,18.4275,-67.1541,85.05,65,0,1.01,clear sky
139,Puerto Ayora,EC,-0.7393,-90.3518,85.96,70,100,8.79,overcast clouds
140,Qaanaaq,GL,77.484,-69.3632,-6.21,67,100,9.66,overcast clouds
141,Pisco,PE,-13.7,-76.2167,75.25,64,0,6.91,clear sky
142,Idlib,SY,35.9306,36.6339,36.79,85,99,6.73,overcast clouds
143,Iqaluit,CA,63.7506,-68.5145,-20.52,96,100,4.07,overcast clouds
144,Hilo,US,19.7297,-155.09,76.24,61,40,5.75,scattered clouds
145,Severo-Kurilsk,RU,50.6789,156.125,26.35,92,100,13.94,light snow
146,Bambous Virieux,MU,-20.3428,57.7575,80.22,83,100,18.63,light rain
147,Ossora,RU,59.2353,163.0719,31.35,86,100,20.6,light snow
148,Fortuna,US,40.5982,-124.1573,53.92,79,77,3.0,broken clouds
149,Pangnirtung,CA,66.1451,-65.7125,-24.47,84,40,6.02,scattered clouds
150,Vikulovo,RU,56.8167,70.6107,6.31,96,100,5.93,overcast clouds
151,Sukhobuzimskoye,RU,56.5,93.2728,-9.31,100,45,1.63,scattered clouds
152,Edd,ER,13.9297,41.6925,81.01,60,18,16.67,few clouds
153,Fort Nelson,CA,58.8053,-122.7002,-0.81,78,100,4.61,light snow
154,Impfondo,CG,1.6381,18.0667,78.91,26,100,2.66,overcast clouds
155,Kavieng,PG,-2.5744,150.7967,80.96,75,35,0.74,scattered clouds
156,Tasiilaq,GL,65.6145,-37.6368,8.76,35,88,28.77,overcast clouds
157,Flower Mound,US,33.0146,-97.097,70.27,23,75,1.99,broken clouds
158,Katsuura,JP,35.1333,140.3,40.19,60,100,12.17,overcast clouds
159,Rocha,UY,-34.4833,-54.3333,83.05,43,0,9.1,clear sky
160,Barrow,US,71.2906,-156.7887,-11.18,77,40,10.36,scattered clouds
161,Sao Gabriel Da Cachoeira,BR,-0.1303,-67.0892,85.17,67,97,2.08,light rain
162,Baker City,US,44.7749,-117.8344,26.82,74,20,0.0,few clouds
163,Qandala,SO,11.472,49.8728,75.09,75,92,6.38,overcast clouds
164,Niquelandia,BR,-14.4739,-48.4597,76.39,84,100,6.51,overcast clouds
165,Diffa,NE,13.3154,12.6113,68.45,16,0,9.46,clear sky
166,Vilhena,BR,-12.7406,-60.1458,69.33,98,100,4.83,overcast clouds
167,Kodiak,US,57.79,-152.4072,24.31,74,20,12.66,few clouds
168,Coihaique,CL,-45.5752,-72.0662,59.61,43,25,13.69,scattered clouds
169,Marin,US,38.0666,-122.7344,58.86,78,5,1.99,clear sky
170,Bacolod,PH,10.6667,122.95,77.52,85,46,3.09,moderate rain
171,Araouane,ML,18.9048,-3.5265,78.26,13,86,11.54,overcast clouds
172,Apaseo El Alto,MX,20.45,-100.6167,72.82,23,0,9.57,clear sky
173,Vangaindrano,MG,-23.35,47.6,74.32,81,35,5.17,scattered clouds
174,Hualmay,PE,-11.0964,-77.6139,75.15,71,100,11.23,overcast clouds
175,Saint George,US,37.1041,-113.5841,57.67,22,0,1.99,clear sky
176,Nova Olimpia,BR,-14.7972,-57.2881,74.95,93,100,6.71,light rain
177,Ostrovnoy,RU,68.0531,39.5131,2.25,98,99,7.85,overcast clouds
178,San Vicente,AR,-26.6167,-54.1333,83.7,40,48,4.56,scattered clouds
179,Mayenne,FR,48.3333,-0.6667,45.84,91,80,5.79,broken clouds
180,Lorengau,PG,-2.0226,147.2712,79.14,83,100,10.09,overcast clouds
181,Sulangan,PH,11.1373,123.7228,81.37,75,68,3.49,broken clouds
182,Katherine,AU,-14.4667,132.2667,79.12,83,82,11.5,broken clouds
183,Isangel,VU,-19.55,169.2667,77.36,93,100,8.41,overcast clouds
184,Los Llanos De Aridane,ES,28.6585,-17.9182,62.35,85,20,5.75,few clouds
185,Aklavik,CA,68.2191,-135.0107,-1.66,96,100,5.79,overcast clouds
186,Georgetown,MY,5.4112,100.3354,82.89,81,20,0.0,few clouds
187,Copiapo,CL,-27.3667,-70.3333,71.29,42,0,10.8,clear sky
188,Nuuk,GL,64.1835,-51.7216,12.81,79,75,10.36,broken clouds
189,Rawson,AR,-43.3002,-65.1023,61.29,40,63,16.62,broken clouds
190,Santa Isabel Do Rio Negro,BR,-0.4139,-65.0192,85.19,65,100,3.38,overcast clouds
191,Togul,RU,53.465,85.9128,-5.15,100,32,3.2,scattered clouds
192,Battle Creek,US,42.3212,-85.1797,28.45,59,100,3.44,overcast clouds
193,Santarem,BR,-2.4431,-54.7083,80.73,83,75,6.91,broken clouds
194,Chulman,RU,56.8479,124.9104,-17.03,99,100,4.52,overcast clouds
195,Ponta Do Sol,PT,32.6667,-17.1,66.13,44,1,8.46,clear sky
196,Xam Nua,LA,20.4197,104.0439,52.56,98,100,2.75,overcast clouds
197,Kaitangata,NZ,-46.2817,169.8464,55.63,93,24,2.89,few clouds
198,Fairbanks,US,64.8378,-147.7164,-23.84,71,20,0.0,few clouds
199,Geraldton,AU,-28.7667,114.6,72.01,88,100,14.97,overcast clouds
200,Moyale,KE,3.5167,39.0584,74.14,24,94,11.74,overcast clouds
201,San Pedro,PH,14.35,121.0167,79.11,83,49,10.58,scattered clouds
202,Olinda,BR,-8.0089,-34.8553,83.93,74,40,10.36,scattered clouds
203,Revin,FR,49.9404,4.635,37.9,92,20,3.91,few clouds
204,Bintulu,MY,3.1667,113.0333,75.99,88,100,3.04,overcast clouds
205,Leningradskiy,RU,69.3833,178.4167,-9.45,93,100,0.69,overcast clouds
206,Tucurui,BR,-3.7661,-49.6725,79.38,82,100,2.04,overcast clouds
207,San Cristobal,VE,7.7669,-72.225,71.78,50,99,6.15,overcast clouds
208,Dudinka,RU,69.4058,86.1778,-14.01,99,87,8.43,overcast clouds
209,Prado,BR,-17.3411,-39.2208,83.66,74,18,14.83,few clouds
210,Necochea,AR,-38.5473,-58.7368,71.04,65,100,18.45,light rain
211,Sao Filipe,CV,14.8961,-24.4956,72.27,70,100,14.45,overcast clouds
212,Kariba,ZW,-16.5167,28.8,69.71,92,100,3.83,light rain
213,Port Pirie,AU,-33.1833,138.0167,78.91,44,82,4.0,broken clouds
214,Polyarnyy,RU,69.1989,33.4478,9.81,96,98,8.86,overcast clouds
215,Klaksvik,FO,62.2266,-6.589,38.32,92,100,17.34,overcast clouds
216,Hithadhoo,MV,-0.6,73.0833,81.7,70,100,8.39,overcast clouds
217,Nagornskiy,RU,58.7731,57.5451,5.79,97,100,2.91,overcast clouds
218,Semey,KZ,50.4111,80.2275,14.2,89,100,10.09,overcast clouds
219,Presidencia Roque Saenz Pena,AR,-26.7852,-60.4388,102.22,10,0,5.7,clear sky
220,Cap Malheureux,MU,-19.9842,57.6142,80.47,76,98,1.99,overcast clouds
221,Grajau,BR,-5.8194,-46.1386,80.53,81,69,5.59,broken clouds
222,Liberal,US,37.0431,-100.921,56.16,20,0,0.0,clear sky
223,Dikson,RU,73.5069,80.5464,-2.52,93,100,21.36,overcast clouds
224,Aswan,EG,24.0934,32.907,58.68,32,100,9.64,overcast clouds
225,Takoradi,GH,4.8845,-1.7554,80.38,79,100,7.76,overcast clouds
226,Nemuro,JP,43.3236,145.575,16.12,68,21,14.32,few clouds
227,Tupik,RU,54.4253,119.9327,-8.9,95,100,2.84,overcast clouds
228,Churapcha,RU,62.0025,132.4325,-37.89,100,61,1.99,broken clouds
229,East London,ZA,-33.0153,27.9116,75.25,82,95,16.64,overcast clouds
230,Requena,ES,39.4883,-1.1004,51.51,21,0,5.01,clear sky
231,Ituverava,BR,-20.3394,-47.7806,75.63,88,90,5.99,overcast clouds
232,Lang Suan,TH,9.9456,99.0785,73.83,87,3,5.39,clear sky
233,Teguise,ES,29.0605,-13.564,62.82,55,0,8.05,haze
234,Tivaouane,SN,14.9515,-16.8129,73.74,66,100,17.22,overcast clouds
235,Thompson,CA,55.7435,-97.8558,5.16,72,20,4.61,few clouds
236,Saint Anthony,US,45.0205,-93.218,21.87,68,0,1.01,clear sky
237,Muros,ES,42.7762,-9.0603,55.9,73,0,3.74,clear sky
238,Aurich,DE,53.4667,7.4833,39.92,76,75,6.91,broken clouds
239,Cidreira,BR,-30.1811,-50.2056,76.55,60,0,16.75,clear sky
240,Beringovskiy,RU,63.05,179.3167,-12.35,100,100,7.65,overcast clouds
241,Kamaishi,JP,39.2667,141.8833,24.6,58,11,8.63,few clouds
242,Bengkulu,ID,-3.8004,102.2655,75.79,92,100,4.09,heavy intensity rain
243,Eyl,SO,7.9803,49.8164,75.33,75,100,15.93,overcast clouds
244,Mbandaka,CD,0.0487,18.2603,82.02,32,100,4.29,overcast clouds
245,Alyangula,AU,-13.8483,136.4192,81.37,79,100,19.6,overcast clouds
246,General Roca,AR,-39.0333,-67.5833,81.0,17,4,27.6,clear sky
247,Saskylakh,RU,71.9167,114.0833,-20.51,100,100,2.82,overcast clouds
248,Quatre Cocos,MU,-20.2078,57.7625,80.1,83,100,18.92,light rain
249,Manggar,ID,-2.8833,108.2667,78.49,80,100,5.84,overcast clouds
250,Tiznit,MA,29.5833,-9.5,65.21,22,100,16.84,overcast clouds
251,Hoa Binh,VN,20.8133,105.3383,51.69,81,100,2.39,overcast clouds
252,Nyrob,RU,60.733,56.7202,-1.34,99,93,2.86,overcast clouds
253,Sunyani,GH,7.3399,-2.3268,80.65,15,33,4.43,scattered clouds
254,Hanstholm,DK,57.1167,8.6167,38.62,65,100,19.22,overcast clouds
255,Tuxpan,MX,19.55,-103.4,74.97,26,0,5.86,clear sky
256,Nabire,ID,-3.3667,135.4833,74.23,89,100,2.53,overcast clouds
257,San Luis,AR,-33.295,-66.3356,93.0,20,1,6.02,clear sky
258,Yokadouma,CM,3.5167,15.05,74.68,27,100,1.83,overcast clouds
259,Zakharovo,RU,54.366,39.2792,25.68,95,100,14.97,snow
260,Altay,CN,47.8667,88.1167,3.36,54,32,7.45,scattered clouds
261,Nanortalik,GL,60.1432,-45.2371,18.72,68,100,13.09,light snow
262,Qui Nhon,VN,13.7667,109.2333,75.22,84,99,6.4,overcast clouds
263,Nobres,BR,-14.7203,-56.3275,76.78,91,100,7.4,light rain
264,Shizunai,JP,42.3339,142.3669,17.55,65,69,9.98,broken clouds
265,Artesia,US,33.8658,-118.0831,73.62,37,0,1.99,clear sky
266,Mitsamiouli,KM,-11.3847,43.2844,81.0,73,9,3.47,clear sky
267,Kristianstad,SE,56.0313,14.1524,37.78,62,0,14.97,clear sky
268,Daru,PG,-9.0763,143.2092,75.79,89,100,7.29,overcast clouds
269,Hasaki,JP,35.7333,140.8333,30.6,50,100,14.29,overcast clouds
270,Itarema,BR,-2.9248,-39.9167,76.08,84,100,11.12,overcast clouds
271,Elat,IL,29.5581,34.9482,55.24,44,0,9.22,clear sky
272,Canning,IN,22.3189,88.6714,62.62,48,0,3.49,clear sky
273,Maniitsoq,GL,65.4167,-52.9,13.82,81,100,7.76,light snow
274,Wang Saphung,TH,17.301,101.7685,71.74,64,63,3.18,broken clouds
275,Hofn,IS,64.2539,-15.2082,26.69,50,0,25.61,clear sky
276,Scarborough,GB,54.2797,-0.4044,43.54,81,95,4.0,moderate rain
277,Batken,KG,39.8333,71.0,19.02,55,100,7.4,overcast clouds
278,Kargil,IN,34.5667,76.1,5.77,97,100,2.95,light snow
279,Muzhi,RU,65.3667,64.6667,1.47,98,100,2.3,overcast clouds
280,Ucluelet,CA,48.9329,-125.5528,48.09,94,100,4.0,light rain
281,Luena,AO,-11.7833,19.9167,63.99,79,100,4.92,overcast clouds
282,Kassiopi,GR,39.7886,19.9186,49.75,68,2,3.13,clear sky
283,Samarai,PG,-10.6167,150.6667,80.51,79,99,9.24,overcast clouds
284,Taoudenni,ML,22.6783,-3.9836,78.1,13,98,14.27,overcast clouds
285,Gerash,IR,27.6652,54.1371,51.94,48,0,5.55,clear sky
286,Port Hedland,AU,-20.3167,118.5667,82.45,83,53,17.27,broken clouds
287,Upernavik,GL,72.7868,-56.1549,-3.62,70,100,9.26,overcast clouds
288,Khatanga,RU,71.9667,102.5,-7.17,98,100,9.91,overcast clouds
289,Upington,ZA,-28.4478,21.2561,77.38,61,95,10.36,overcast clouds
290,Martapura,ID,-3.4167,114.85,77.09,94,100,4.61,overcast clouds
291,Mehamn,NO,71.0357,27.8492,32.18,63,97,23.38,overcast clouds
292,Belyy Yar,RU,53.6039,91.3903,-20.15,80,100,2.24,fog
293,Nome,US,64.5011,-165.4064,-6.9,77,0,0.0,clear sky
294,Celestun,MX,20.8667,-90.4,72.19,50,4,10.69,clear sky
295,Yerbogachen,RU,61.2767,108.0108,-12.5,100,91,2.93,overcast clouds
296,Townsville,AU,-19.25,146.8,77.88,89,75,0.0,broken clouds
297,Faanui,PF,-16.4833,-151.75,80.13,72,44,7.36,scattered clouds
298,Debre Birhan,ET,9.6833,39.5333,48.67,51,1,5.55,clear sky
299,Senneterre,CA,48.3835,-77.2328,8.82,85,100,8.32,light snow
300,Manati,PR,18.4275,-66.4921,85.8,73,3,9.84,clear sky
301,Great Yarmouth,GB,52.6083,1.7305,42.94,75,100,16.42,overcast clouds
302,Guerrero Negro,MX,27.9769,-114.0611,64.92,55,97,13.78,overcast clouds
303,Saint-Georges,GD,12.0564,-61.7485,82.08,74,75,19.57,broken clouds
304,Alcantarilla,ES,37.9694,-1.2171,56.88,43,0,3.0,clear sky
305,Pescara,IT,42.3333,13.95,49.08,64,0,3.65,clear sky
306,Gikongoro,RW,-2.464,29.5739,58.89,87,100,4.94,overcast clouds
307,Richards Bay,ZA,-28.783,32.0377,71.82,83,100,6.02,overcast clouds
308,Woodstock,CA,43.1334,-80.7497,23.67,72,100,4.29,overcast clouds
309,Vanimo,PG,-2.6741,141.3028,76.78,87,100,9.17,overcast clouds
310,Kloulklubed,PW,7.0419,134.2556,82.15,69,100,11.77,overcast clouds
311,Rio Brilhante,BR,-21.8019,-54.5464,85.44,62,26,4.63,scattered clouds
312,Qaqortoq,GL,60.7167,-46.0333,10.9,64,100,10.49,light snow
313,Poltavka,RU,54.3663,71.7632,12.52,92,100,9.44,overcast clouds
314,Srednekolymsk,RU,67.45,153.6833,-23.66,99,100,4.74,overcast clouds
315,Codrington,AU,-38.2667,141.9667,61.65,98,46,6.53,scattered clouds
316,Waipawa,NZ,-41.4122,175.5153,57.83,79,100,4.14,overcast clouds
317,Touros,BR,-5.1989,-35.4608,86.9,68,93,14.72,overcast clouds
318,Brigantine,US,39.4101,-74.3646,27.34,38,0,13.8,clear sky
319,Simga,IN,21.6333,81.7,60.64,26,3,4.85,clear sky
320,Mangochi,MW,-14.4782,35.2645,72.23,85,1,5.1,clear sky
321,Olafsvik,IS,64.8945,-23.7142,28.96,57,100,37.02,light snow
322,Kyshtovka,RU,56.555,76.6271,9.75,96,100,8.41,overcast clouds
323,Goundam,ML,16.4145,-3.6708,80.73,11,99,11.52,overcast clouds
324,Asau,RO,46.4333,26.4,40.39,69,97,20.45,overcast clouds
325,Laguna,US,38.421,-121.4238,60.35,68,0,1.99,clear sky
326,Talnakh,RU,69.4865,88.3972,-13.4,97,76,8.88,broken clouds
327,Santa Cruz,BO,-17.8,-63.1667,96.26,31,40,9.22,scattered clouds
328,Yakuplu,TR,40.9889,28.6758,45.75,66,75,17.27,broken clouds
329,Contramaestre,CU,20.2978,-76.2414,69.28,69,100,8.61,overcast clouds
330,Gornopravdinsk,RU,60.05,69.9,0.0,99,100,3.8,overcast clouds
331,Ulladulla,AU,-35.35,150.4667,69.76,92,74,2.46,broken clouds
332,Ilulissat,GL,69.2167,-51.1,8.62,66,75,18.41,broken clouds
333,Ugoofaaru,MV,5.6667,73.0,81.36,77,58,13.98,broken clouds
334,Sao Joao Da Barra,BR,-21.6403,-41.0511,84.29,78,18,9.84,few clouds
335,Chamba,IN,32.5667,76.1333,50.65,58,92,6.08,overcast clouds
336,Lompoc,US,34.6391,-120.4579,71.85,43,0,0.0,clear sky
337,Muscat,OM,23.6139,58.5922,71.62,64,0,6.13,clear sky
338,Xique-Xique,BR,-10.8218,-42.7263,84.87,54,31,5.28,light rain
339,Baft,IR,29.234,56.6057,40.28,62,3,3.02,clear sky
340,Lexington Park,US,38.2668,-76.4538,35.06,38,40,1.99,light snow
341,Dhidhdhoo,MV,6.8833,73.1,80.98,76,8,8.63,clear sky
342,Vierzon,FR,47.2101,2.0625,46.9,84,43,4.45,scattered clouds
343,Kachkanar,RU,58.7,59.4948,0.46,98,100,1.36,overcast clouds
344,Bambanglipuro,ID,-7.95,110.2833,62.6,90,100,3.67,overcast clouds
345,Lazaro Cardenas,MX,17.9583,-102.2,83.25,52,0,7.52,clear sky
346,Dunedin,NZ,-45.8742,170.5036,61.81,89,0,8.01,clear sky
347,Bucerias,MX,20.75,-105.3333,76.98,57,0,8.05,clear sky
348,Kemijarvi,FI,66.7131,27.4306,-2.63,100,76,2.62,broken clouds
349,Muttupet,IN,10.4,79.4833,75.88,85,8,8.72,clear sky
350,Kelvington,CA,52.1667,-103.5343,20.86,92,16,7.78,few clouds
351,Eureka,US,40.8021,-124.1637,54.19,76,99,1.01,overcast clouds
352,Vila Praia De Ancora,PT,41.811,-8.8526,55.49,64,2,7.02,clear sky
353,Port Blair,IN,11.6667,92.75,69.84,88,20,0.0,mist
354,Anadyr,RU,64.75,177.4833,-19.7,75,40,4.0,fog
355,Lubao,PH,14.9167,120.55,78.82,86,81,5.06,broken clouds
356,Nouadhibou,MR,20.931,-17.0347,67.98,68,100,14.97,haze
357,Griffith,US,41.5284,-87.4237,32.09,71,75,1.01,broken clouds
358,Cabedelo,BR,-6.9811,-34.8339,86.67,68,79,14.07,broken clouds
359,North Bend,US,43.4065,-124.2243,53.08,100,100,9.22,overcast clouds
360,Boa Vista,BR,2.8197,-60.6733,91.38,38,75,14.97,broken clouds
361,Kiunga,PG,-6.1219,141.2906,72.18,98,100,0.72,overcast clouds
362,Diego De Almagro,CL,-26.3667,-70.05,79.36,22,0,15.73,clear sky
363,Grand-Santi,GF,4.25,-54.3833,82.85,67,100,4.34,light rain
364,Havoysund,NO,70.9963,24.6622,32.23,67,94,13.91,overcast clouds
365,Atambua,ID,-9.1061,124.8925,74.37,90,97,5.19,overcast clouds
366,Tuatapere,NZ,-46.1333,167.6833,59.83,92,10,2.19,clear sky
367,Ouadda,CF,8.0777,22.4007,71.56,25,47,5.5,scattered clouds
368,Turukhansk,RU,65.8167,87.9833,0.12,95,97,8.55,overcast clouds
369,Colchester,GB,51.8892,0.9042,44.04,78,100,12.97,overcast clouds
370,Clyde River,CA,70.4692,-68.5914,-19.97,69,75,3.44,snow
371,San Patricio,US,28.017,-97.5169,72.01,48,3,12.44,clear sky
372,Nelson Bay,AU,-32.7167,152.15,72.0,96,62,3.11,broken clouds
373,Nisia Floresta,BR,-6.0911,-35.2086,86.81,62,19,13.04,few clouds
374,Plettenberg Bay,ZA,-34.0527,23.3716,70.86,92,100,4.79,overcast clouds
375,Saint-Pierre,RE,-21.3393,55.4781,80.28,74,5,13.8,clear sky
376,Marawi,PH,7.9986,124.2928,66.65,92,11,1.3,few clouds
377,Coquimbo,CL,-29.9533,-71.3436,69.53,68,20,13.8,few clouds
378,Jalu,LY,29.0331,21.5482,55.0,60,31,16.06,scattered clouds
379,Hovd,MN,48.0056,91.6419,-13.11,81,22,2.13,few clouds
380,Son La,VN,21.3167,103.9,52.25,90,100,4.12,overcast clouds
381,Camacha,PT,33.0833,-16.3333,61.56,82,40,19.57,scattered clouds
382,Kyrylivka,UA,46.3759,35.3675,35.89,97,100,23.09,overcast clouds
383,Robat Karim,IR,35.4846,51.0829,40.86,48,0,13.8,clear sky
384,Formosa Do Rio Preto,BR,-11.0483,-45.1931,80.92,68,100,6.06,overcast clouds
385,Nhulunbuy,AU,-12.2333,136.7667,81.21,89,40,12.66,scattered clouds
386,Ahipara,NZ,-35.1667,173.1667,62.91,88,100,8.84,overcast clouds
387,Los Palacios,CU,22.5872,-83.2486,68.74,43,16,10.78,few clouds
388,Maldonado,UY,-34.6667,-54.9167,85.39,42,0,10.4,clear sky
389,Nishihara,JP,26.1842,127.7558,58.28,57,100,25.32,overcast clouds
390,Khandyga,RU,62.6667,135.6,-39.84,100,57,1.12,broken clouds
391,Komsomolskiy,UZ,40.4272,71.7189,35.02,86,100,4.61,mist
392,Tessalit,ML,20.1986,1.0114,74.68,14,4,11.59,clear sky
393,Ravar,IR,31.2656,56.8055,45.57,37,21,2.64,few clouds
394,Paita,PE,-5.0892,-81.1144,82.96,69,85,10.89,overcast clouds
395,Puksoozero,RU,62.5903,40.6066,11.23,95,100,5.82,overcast clouds
396,Along,IN,28.1667,94.7667,46.09,78,42,1.81,scattered clouds
397,Phangnga,TH,8.4509,98.5298,85.91,85,70,2.75,broken clouds
398,Tecoanapa,MX,16.5167,-98.75,83.7,62,3,9.19,clear sky
399,Quesnel,CA,52.9999,-122.5029,34.3,93,100,5.75,overcast clouds
400,Vershino-Darasunskiy,RU,52.35,115.5167,-18.65,99,7,3.94,clear sky
401,Portland,US,45.5234,-122.6762,50.38,72,75,1.99,broken clouds
402,Rochegda,RU,62.8,43.25,6.1,97,94,5.37,overcast clouds
403,Pyrzyce,PL,53.1462,14.8926,39.85,74,7,17.9,clear sky
404,Leua,SK,48.2156,18.6071,42.44,67,86,24.94,light rain
405,Altamont,US,42.2068,-121.7372,40.77,58,0,1.01,clear sky
406,Aksarka,RU,66.5606,67.7975,-1.62,97,98,5.3,overcast clouds
407,Namatanai,PG,-3.6667,152.4333,78.71,81,100,3.22,overcast clouds
408,Nchelenge,ZM,-9.3451,28.734,68.59,87,100,1.16,overcast clouds
409,Westport,US,41.1415,-73.3579,27.75,43,0,1.99,clear sky
410,Dinar,TR,38.065,30.1656,38.98,96,100,3.18,overcast clouds
411,Senanga,ZM,-16.1167,23.2667,65.12,94,99,4.21,overcast clouds
412,Daura,NG,11.5538,11.4085,69.1,18,83,13.4,broken clouds
413,Mabaruma,GY,8.2,-59.7833,84.94,53,18,8.32,few clouds
414,George Town,MY,5.4112,100.3354,82.89,86,20,2.3,few clouds
415,Inhambane,MZ,-23.865,35.3833,78.78,89,20,4.61,few clouds
416,Zhigansk,RU,66.7697,123.3711,-32.82,100,99,1.66,overcast clouds
417,Korla,CN,41.7597,86.1469,23.27,59,100,2.46,overcast clouds
418,Makat,KZ,47.6469,53.3463,30.27,94,100,7.65,overcast clouds
419,Ler,SS,8.3018,30.1418,79.57,20,100,5.39,overcast clouds
420,Winslow,US,35.0242,-110.6974,46.29,46,100,1.01,overcast clouds
421,Coacoyul,MX,17.8058,-99.11,80.22,32,0,4.92,clear sky
422,Gizo,SB,-8.103,156.8419,81.66,78,100,7.85,moderate rain
423,Porto Belo,BR,-27.1578,-48.5531,81.16,65,98,11.9,overcast clouds
424,Progreso,MX,21.2833,-89.6667,78.91,47,1,11.52,clear sky
425,Livenka,RU,50.4491,38.2959,30.72,94,100,17.43,snow
426,Miramar,US,25.9873,-80.2323,63.01,28,0,8.05,clear sky
427,Sioux Lookout,CA,50.1001,-91.917,5.38,92,100,4.61,overcast clouds
428,Pleasant Point,NZ,-44.2667,171.1333,61.29,94,0,1.1,clear sky
429,Ust-Nera,RU,64.5667,143.2,-13.02,99,100,1.41,overcast clouds
430,Ladnun,IN,27.65,74.3833,62.85,30,0,6.62,clear sky
431,Najran,SA,17.4924,44.1277,61.45,26,28,3.24,scattered clouds
432,Pingdingshan,CN,33.7385,113.3012,34.16,81,100,6.24,overcast clouds
433,Inta,RU,66.0317,60.1659,-0.56,93,100,4.05,overcast clouds
434,Batuan,PH,9.7808,124.1484,73.49,89,14,2.24,few clouds
435,Zheshart,RU,62.0731,49.5733,1.27,99,69,3.31,broken clouds
436,Samana,DO,19.2056,-69.3369,86.22,70,40,11.5,scattered clouds
437,Bar Harbor,US,44.3876,-68.2039,23.27,46,0,20.0,clear sky
438,Khani,GE,41.9563,42.9566,31.57,86,100,5.14,overcast clouds
439,Mount Isa,AU,-20.7333,139.5,74.97,100,100,4.61,overcast clouds
440,Halifax,CA,44.6453,-63.5724,26.22,70,100,8.01,overcast clouds
441,Wanxian,CN,30.8039,108.3897,46.11,76,99,2.35,overcast clouds
442,Marsaxlokk,MT,35.8419,14.5431,56.08,82,20,13.8,few clouds
443,Varnamo,SE,57.186,14.04,35.91,56,1,3.0,clear sky
444,Khasan,RU,42.4308,130.6434,19.18,51,0,17.02,clear sky
445,Iracoubo,GF,5.4802,-53.2011,80.26,74,38,10.51,scattered clouds
446,Sault Sainte Marie,CA,46.5168,-84.3333,21.88,68,40,3.44,scattered clouds
447,Carutapera,BR,-1.195,-46.02,75.36,93,100,6.87,heavy intensity rain
448,Manokwari,ID,-0.8667,134.0833,77.54,73,100,7.76,overcast clouds
449,Lavrentiya,RU,65.5833,-171.0,-5.12,89,3,5.1,clear sky
450,Cockburn Town,TC,21.4612,-71.1419,75.16,69,75,13.8,broken clouds
451,Mandalgovi,MN,45.7625,106.2708,-1.35,81,7,10.89,clear sky
452,Rocky Mountain House,CA,52.3668,-114.9188,35.35,64,98,3.44,overcast clouds
453,Harnosand,SE,62.6323,17.9379,32.0,72,12,15.77,few clouds
454,Porto Novo,BJ,6.4965,2.6036,84.02,61,81,6.08,broken clouds
455,Huicungo,PE,-7.2833,-76.8,78.64,90,99,1.52,overcast clouds
456,Salinopolis,BR,-0.6136,-47.3561,78.53,88,90,8.81,overcast clouds
457,Bodaybo,RU,57.8506,114.1933,-27.96,100,98,1.81,overcast clouds
458,Moose Factory,CA,51.2585,-80.6094,-2.2,65,0,11.5,clear sky
459,Moron,AR,-34.6534,-58.6198,89.02,47,0,4.0,clear sky
460,Praia,CV,14.9215,-23.5087,70.34,68,75,19.57,broken clouds
461,Shakawe,BW,-18.3667,21.85,67.8,88,100,7.43,overcast clouds
462,Isla Mujeres,MX,21.2311,-86.731,71.65,57,100,10.2,overcast clouds
463,Hambantota,LK,6.1241,81.1185,76.95,88,5,12.08,clear sky
464,Batagay-Alyta,RU,67.8006,130.4114,-19.12,95,84,2.35,broken clouds
465,Kolokani,ML,13.5728,-8.0339,81.48,10,5,9.8,clear sky
466,Pietarsaari,FI,63.65,22.6833,20.46,88,100,15.03,overcast clouds
467,Greenwood,US,34.1668,-82.1165,55.47,29,0,8.99,clear sky
468,Fuerte Olimpo,PY,-21.0415,-57.8738,102.52,23,12,4.27,few clouds
469,Saint-Joseph,RE,-21.3667,55.6167,79.18,79,18,12.26,few clouds
470,Avera,US,33.194,-82.5271,57.74,34,4,17.05,clear sky
471,Cacu,BR,-18.5567,-51.1308,71.31,93,100,10.38,overcast clouds
472,Hue,VN,16.4667,107.6,68.11,83,75,3.44,broken clouds
473,Alekseyevsk,RU,57.8406,108.3492,-2.72,99,100,2.33,overcast clouds
474,Panzhihua,CN,26.5851,101.7128,45.93,60,7,0.74,clear sky
475,Magadan,RU,59.5667,150.8,4.48,80,85,11.07,overcast clouds
476,Ridgecrest,US,35.6225,-117.6709,58.64,16,0,1.01,clear sky
477,Ratnagiri,IN,16.9833,73.3,72.05,65,0,5.91,clear sky
478,Karratha,AU,-20.7377,116.8463,82.69,62,47,21.56,scattered clouds
479,Dingle,PH,10.9995,122.6711,74.95,93,54,3.09,broken clouds
480,Simbahan,PH,6.3032,120.5836,81.05,77,30,8.81,scattered clouds
481,Acajutla,SV,13.5928,-89.8275,86.81,41,0,3.27,clear sky
482,Caravelas,BR,-17.7125,-39.2481,84.96,67,37,13.06,scattered clouds
483,Kingman,US,35.1894,-114.053,58.89,16,0,9.22,clear sky
484,Morgan City,US,29.6994,-91.2068,66.99,48,0,14.97,clear sky
485,Nouakchott,MR,18.0858,-15.9785,69.73,66,100,18.5,overcast clouds
486,Jamame,SO,0.0722,42.7506,76.77,75,74,12.35,broken clouds
487,Dandong,CN,40.1292,124.3947,17.83,44,0,3.78,clear sky
488,Sitka,US,57.0531,-135.33,37.29,70,100,10.36,overcast clouds
489,Hueypoxtla,MX,19.9083,-99.08,69.42,24,1,6.42,clear sky
490,Jijiga,ET,9.35,42.8,60.4,46,73,8.81,broken clouds
491,Makakilo City,US,21.3469,-158.0858,76.28,65,0,3.44,clear sky
492,Novaya Bryan,RU,51.7159,108.2691,-24.83,100,87,2.53,overcast clouds
493,Kilinochchi,LK,9.3961,80.3982,75.92,87,64,8.79,broken clouds
494,Jumla,NP,29.2747,82.1838,36.3,49,0,4.92,clear sky
495,Pacasmayo,PE,-7.4006,-79.5714,75.25,70,97,14.38,overcast clouds
496,La Paz,BO,-16.5,-68.15,55.38,82,75,4.61,broken clouds
497,Bikramganj,IN,25.2,84.25,52.52,69,0,1.88,clear sky
498,Puerto Colombia,CO,10.9878,-74.9547,87.89,69,100,17.18,overcast clouds
499,Kasongo,CD,-4.45,26.6667,71.19,84,100,4.25,overcast clouds
500,Taua,BR,-5.9667,-40.3,83.21,51,100,7.63,overcast clouds
501,Conde,BR,-7.2597,-34.9075,85.46,70,40,16.11,scattered clouds
502,Verkhnevilyuysk,RU,63.4453,120.3167,-23.42,99,44,4.12,scattered clouds
503,Perth,AU,-31.9333,115.8333,69.98,70,0,12.66,clear sky
504,Charlottesville,US,38.0293,-78.4767,34.57,45,75,1.99,broken clouds
505,Abu Samrah,SY,35.3029,37.1841,44.74,70,81,6.6,broken clouds
506,Sabang,ID,5.8933,95.3214,81.68,73,37,7.31,scattered clouds
507,Naryan-Mar,RU,67.6713,53.087,11.71,92,100,13.69,overcast clouds
508,Faya,SA,18.3851,42.4509,57.31,81,16,5.1,few clouds
509,Agirish,RU,61.9247,63.0231,-4.74,100,99,1.43,overcast clouds
510,Lujan,AR,-34.5703,-59.105,89.04,48,0,3.0,clear sky
511,Ciudad Bolivar,VE,8.1222,-63.5497,93.54,25,68,7.14,broken clouds
512,Henties Bay,NA,-22.116,14.2845,66.85,80,100,4.94,overcast clouds
513,Emerald,AU,-23.5333,148.1667,74.34,79,77,7.16,broken clouds
514,Banda Aceh,ID,5.5577,95.3222,76.6,83,64,6.98,broken clouds
515,Dongsheng,CN,39.8161,109.9776,8.98,45,0,18.5,clear sky
516,Tongchuan,CN,35.0806,109.0897,20.68,51,0,4.05,clear sky
517,Stephenville,US,32.2207,-98.2023,69.82,18,0,0.0,clear sky
518,Carlsbad,US,33.1581,-117.3506,74.73,35,0,1.99,clear sky
519,Hengyang,CN,26.8881,112.615,39.79,87,100,6.6,overcast clouds
520,Posse,BR,-14.0931,-46.3694,76.39,72,100,6.46,overcast clouds
521,Rapid Valley,US,44.0625,-103.1463,58.32,22,0,1.01,clear sky
522,Russell,US,32.3502,-85.1999,61.88,33,0,5.75,clear sky
523,Worland,US,44.0169,-107.9554,47.55,64,0,3.44,clear sky
524,Troy,US,42.6056,-83.1499,26.87,62,100,1.01,overcast clouds
525,Kahului,US,20.8947,-156.47,76.84,59,0,5.75,clear sky
526,Verenchanka,UA,48.5465,25.7453,37.62,96,100,21.7,overcast clouds
527,Ribeira Brava,PT,32.65,-17.0667,66.13,46,1,9.46,clear sky
528,Tura,IN,25.5198,90.2201,52.75,59,5,3.4,clear sky
529,Pouebo,NC,-20.4,164.5667,76.82,88,100,4.03,overcast clouds
530,Ayaviri,PE,-14.8864,-70.5889,57.47,56,92,6.24,overcast clouds
531,Barraute,CA,48.4335,-77.6328,10.18,83,100,8.3,overcast clouds
532,Kaniama,CD,-7.5667,24.1833,66.67,89,100,2.46,overcast clouds
533,Adre,TD,13.4667,22.2,66.83,17,5,9.13,clear sky
534,Maple Creek,CA,49.9168,-109.4848,43.21,56,100,6.91,overcast clouds
535,Wamba,NG,8.9333,8.6,76.37,12,100,6.13,overcast clouds
536,Sinnamary,GF,5.3833,-52.95,79.86,78,30,10.16,scattered clouds
537,Pathein,MM,16.7833,94.7333,65.86,74,51,8.03,broken clouds
538,Labuhan,ID,-6.8844,112.2051,77.74,88,100,6.73,overcast clouds
539,Sibolga,ID,1.7427,98.7792,76.32,90,100,2.75,overcast clouds
540,Beira,MZ,-19.8436,34.8389,78.89,78,20,5.75,few clouds
541,Omsukchan,RU,62.5333,155.8,-20.2,100,96,5.08,overcast clouds
542,Gallup,US,35.5281,-108.7426,45.36,54,75,1.01,broken clouds
543,Standerton,ZA,-26.9337,29.2415,65.61,96,100,3.02,moderate rain
544,Vila Franca Do Campo,PT,37.7167,-25.4333,58.19,79,71,15.1,broken clouds
545,Kathu,TH,7.9178,98.3332,85.69,81,38,10.51,scattered clouds
546,Vardo,NO,70.3705,31.1107,28.38,93,75,5.75,broken clouds
547,Aasiaat,GL,68.7098,-52.8699,2.26,92,100,11.7,overcast clouds
548,Kapit,MY,2.0167,112.9333,72.59,100,100,0.6,overcast clouds
549,Ojinaga,MX,29.5667,-104.4167,70.57,39,0,3.44,clear sky
550,Dhar,IN,22.6,75.3,60.03,28,0,4.43,clear sky
551,Rioja,AR,-29.4111,-66.8507,89.35,38,0,6.71,clear sky
552,Kutum,SD,14.2,24.6667,60.03,14,0,10.51,clear sky
553,Palana,RU,59.1167,159.9667,22.5,79,100,24.07,overcast clouds
554,Hervey Bay,AU,-25.2986,152.8535,71.71,87,65,8.57,broken clouds
555,Tilichiki,RU,60.4667,166.1,23.85,79,100,15.75,overcast clouds
556,Omboue,GA,-1.5746,9.2618,79.12,81,100,4.34,overcast clouds
557,Maxixe,MZ,-23.8597,35.3472,78.62,89,20,4.61,few clouds
558,Coari,BR,-4.085,-63.1414,82.15,81,98,4.05,overcast clouds
559,Sumbe,AO,-11.2061,13.8437,78.01,86,100,6.85,overcast clouds
560,Coahuayana,MX,18.7333,-103.6833,89.08,28,0,7.11,clear sky
561,Gezing,AT,47.9178,13.1299,37.65,88,75,8.05,broken clouds
562,Sestri Levante,IT,44.2732,9.3968,55.31,82,45,1.19,scattered clouds
563,Chapais,CA,49.7834,-74.8492,2.98,82,100,9.91,overcast clouds
564,Pulawy,PL,51.4166,21.9694,38.21,96,100,15.01,light snow
565,Shingu,JP,33.7333,135.9833,36.55,76,95,7.61,overcast clouds
566,Lucapa,AO,-8.4192,20.7447,66.6,93,99,3.09,light rain
567,Yulara,AU,-25.2406,130.9889,73.24,100,100,10.36,light rain
568,Pacific Grove,US,36.6177,-121.9166,64.81,57,0,1.99,clear sky
569,Tefe,BR,-3.3542,-64.7114,87.91,66,40,6.91,scattered clouds
570,El Carmen,CO,8.5106,-73.4478,78.67,55,100,2.8,overcast clouds
571,Andilamena,MG,-17.0167,48.5833,67.05,91,91,7.38,overcast clouds
572,Salumbar,IN,24.1333,74.05,61.65,33,0,2.46,clear sky
573,Phonhong,LA,18.5007,102.4166,68.36,67,96,1.79,overcast clouds
574,Williams Lake,CA,52.1415,-122.1445,36.97,71,100,5.01,overcast clouds
575,Wawa,NG,9.9022,4.4192,81.5,16,100,5.55,overcast clouds
576,Dalbandin,PK,28.8947,64.4101,58.08,37,0,7.11,clear sky
577,Xining,CN,36.6167,101.7667,8.98,71,3,1.72,clear sky
578,Corn Island,NI,12.1694,-83.0418,80.1,69,6,15.7,clear sky
579,Pucallpa,PE,-8.3791,-74.5539,77.04,88,75,9.22,light rain
580,Kununurra,AU,-15.7667,128.7333,80.58,78,100,10.36,overcast clouds
581,Pangody,RU,65.85,74.4859,-9.49,99,89,6.82,overcast clouds
582,Kisangani,CD,0.5167,25.2,76.03,39,99,0.63,overcast clouds
583,Roebourne,AU,-20.7833,117.1333,84.65,56,40,20.0,scattered clouds
584,Deep River,CA,46.1001,-77.4995,19.44,70,100,6.11,overcast clouds
585,Motygino,RU,58.1831,94.7592,-6.66,100,98,2.24,overcast clouds
586,Ola,RU,59.5833,151.2833,2.62,79,74,12.01,broken clouds
587,Morondava,MG,-20.2833,44.2833,83.25,73,60,13.87,broken clouds
588,Angoche,MZ,-16.2325,39.9086,78.42,81,1,6.31,clear sky
589,Havelock,US,34.8791,-76.9013,44.06,36,2,8.99,clear sky
590,Tyret Pervaya,RU,53.6703,102.3106,-8.57,99,100,2.84,overcast clouds
591,Alofi,NU,-19.0595,-169.9187,75.09,94,100,3.44,overcast clouds
592,Godfrey,US,38.9556,-90.1868,39.87,54,0,5.01,clear sky
593,Sorong,ID,-0.8833,131.25,81.18,77,100,8.99,light rain
594,Port Macquarie,AU,-31.4333,152.9167,69.89,91,20,2.59,few clouds
595,Bereda,ES,43.2686,-7.5406,45.88,98,3,3.2,clear sky
596,Parichha,IN,25.5167,78.75,57.72,37,0,3.09,clear sky
597,Pereira Barreto,BR,-20.6383,-51.1092,79.03,70,78,13.11,heavy intensity rain
598,Maumere,ID,-8.6199,122.2111,79.88,85,100,10.31,overcast clouds
599,Launceston,AU,-41.45,147.1667,58.6,91,5,1.99,clear sky
600,Kudahuvadhoo,MV,2.6708,72.8944,81.93,74,96,11.9,overcast clouds
601,Skibbereen,IE,51.55,-9.2667,48.0,79,100,17.47,overcast clouds
602,Okhotsk,RU,59.3833,143.3,15.03,73,100,19.95,overcast clouds
603,Sendafa,ET,9.15,39.0333,52.86,48,1,3.69,clear sky
604,Macas,EC,-2.3167,-78.1167,73.15,83,75,4.61,broken clouds
605,Yumen,CN,40.2833,97.2,15.55,43,100,7.2,overcast clouds
606,Sangin,AF,32.0728,64.8359,51.26,47,8,5.12,clear sky
607,Vila Velha,BR,-20.3297,-40.2925,84.15,70,75,9.22,thunderstorm
608,Yamada,JP,39.4667,141.95,23.5,59,71,3.49,broken clouds
609,Mount Gambier,AU,-37.8333,140.7667,62.51,100,100,9.22,overcast clouds
610,Garowe,SO,8.4054,48.4845,71.53,65,100,13.04,overcast clouds
611,Pombia,IT,45.653,8.6336,53.08,64,1,1.01,clear sky
612,Krasnoselkup,RU,65.7,82.4667,-5.82,99,94,8.25,overcast clouds
613,Yanji,CN,42.9075,129.5078,7.29,81,1,5.53,clear sky
614,Powassan,CA,46.0334,-79.3496,19.65,69,100,5.26,overcast clouds
615,Zaozerne,UA,45.1582,33.2787,38.82,89,100,18.57,overcast clouds
616,San Roque,ES,36.2107,-5.3842,58.03,72,0,11.5,clear sky
617,Athenry,IE,53.2964,-8.7431,46.04,80,87,14.67,overcast clouds
618,Vila,PT,42.0304,-8.1588,44.33,40,0,3.42,clear sky
619,Guarda,PT,40.5373,-7.2658,40.91,54,13,2.82,few clouds
620,Iaciara,BR,-14.0958,-46.6317,79.07,72,100,5.93,overcast clouds
621,Digboi,IN,27.3833,95.6333,52.0,72,8,2.19,clear sky
622,Padang,ID,-0.9492,100.3543,73.45,91,100,2.77,overcast clouds
623,Faizpur,IN,21.1667,75.85,66.96,27,0,3.65,clear sky
624,Oksfjord,NO,70.2396,22.3479,31.12,84,19,6.8,few clouds
625,La Ronge,CA,55.1001,-105.2842,12.45,79,100,9.22,overcast clouds
626,Medea,DZ,36.2642,2.7539,37.85,35,0,3.58,clear sky
627,Umm Kaddadah,SD,13.6017,26.6876,62.02,14,2,12.62,clear sky
628,San-Pedro,CI,4.7485,-6.6363,80.49,83,10,6.96,clear sky
629,Illapel,CL,-31.6308,-71.1653,77.83,50,2,9.84,clear sky
630,Bubaque,GW,11.2833,-15.8333,78.1,65,13,15.17,few clouds
631,San Quintin,MX,30.4833,-115.95,63.46,48,0,6.26,clear sky
632,Zambezi,ZM,-13.5432,23.1047,65.26,96,100,4.85,light rain
633,Burns Lake,CA,54.2331,-125.7533,26.02,94,84,3.06,broken clouds
634,Kidal,ML,18.4411,1.4078,74.52,13,8,10.65,clear sky
635,Sheltozero,RU,61.3667,35.3667,19.89,90,100,12.21,light snow
636,Leshukonskoye,RU,64.8989,45.7622,10.17,95,100,6.51,overcast clouds
637,Yar-Sale,RU,66.8333,70.8333,-0.54,95,100,7.54,overcast clouds
638,Ubatuba,BR,-23.4339,-45.0711,80.13,93,100,0.47,overcast clouds
639,Broken Hill,AU,-31.95,141.4333,78.51,65,100,4.61,overcast clouds
640,Victor Harbor,AU,-35.5667,138.6167,72.91,87,59,3.98,broken clouds
641,Zurrieq,MT,35.8311,14.4742,55.96,82,20,16.11,few clouds
642,Monywa,MM,22.1167,95.1333,61.43,56,0,6.87,clear sky
643,Mizdah,LY,31.4451,12.9801,46.56,71,0,6.98,clear sky
644,Dali,CN,25.7,100.1833,38.03,88,10,4.21,clear sky
645,Biloela,AU,-24.4167,150.5,69.17,94,1,4.03,clear sky
646,Owando,CG,-0.4819,15.8999,79.54,39,100,2.62,overcast clouds
647,Yaan,NG,7.3833,8.5667,83.48,12,100,6.33,overcast clouds
648,Tazovskiy,RU,67.4667,78.7,-11.63,99,98,8.23,overcast clouds
649,Spiridonovka,RU,53.0925,50.6462,22.21,96,93,9.08,light snow
650,Takhtamygda,RU,54.1,123.5667,-12.55,97,34,3.38,scattered clouds
651,Shangqiu,CN,34.45,115.65,33.21,80,73,7.56,broken clouds
652,Sandane,NO,61.7728,6.215,33.84,80,75,4.61,broken clouds
653,Ekhabi,RU,53.5102,142.9671,8.6,94,100,21.3,light snow
654,Namie,JP,37.4833,141.0,32.97,73,10,13.98,clear sky
655,Dicabisagan,PH,17.0818,122.4157,73.83,88,100,11.83,overcast clouds
656,Taupo,NZ,-38.6833,176.0833,59.34,72,14,2.28,few clouds
657,Grand-Lahou,CI,5.1367,-5.0242,80.64,82,100,9.57,overcast clouds
658,Suhbaatar,MN,50.2314,106.2078,-20.78,100,89,1.45,overcast clouds
659,North Aurora,US,41.8061,-88.3273,31.98,67,75,5.01,snow
660,Yeppoon,AU,-23.1333,150.7333,73.18,83,29,10.69,scattered clouds
661,Sur,OM,22.5667,59.5289,71.92,66,0,0.69,clear sky
662,Iranshahr,IR,27.2025,60.6848,59.34,51,0,0.0,clear sky
663,Kushima,JP,31.4583,131.2333,40.12,80,0,9.48,clear sky
664,Paamiut,GL,61.994,-49.6678,9.79,73,100,8.46,overcast clouds
665,Nurota,UZ,40.5614,65.6886,30.29,78,2,7.02,clear sky
666,Kendari,ID,-3.945,122.4989,77.07,88,100,4.27,overcast clouds
667,High Level,CA,58.5169,-117.136,-0.29,78,100,9.22,light snow
668,Glubczyce,PL,50.2009,17.8286,39.81,69,89,25.68,overcast clouds
669,Balsta,SE,59.5671,17.5278,33.01,67,100,15.95,overcast clouds
670,Rio Grande,BR,-32.035,-52.0986,80.71,56,0,17.34,clear sky
671,Sayyan,YE,15.1718,44.3244,55.13,39,66,1.48,broken clouds
672,Saquena,PE,-4.6667,-73.5167,88.36,48,100,3.94,overcast clouds
673,Mangrol,IN,21.1167,70.1167,67.51,61,0,9.46,clear sky
674,Thinadhoo,MV,0.5333,72.9333,81.82,74,88,10.67,overcast clouds
675,Brits,ZA,-25.6347,27.7802,71.33,82,100,3.69,overcast clouds
676,Shrigonda,IN,18.6167,74.6833,69.73,24,0,2.46,clear sky
677,Kushiro,JP,42.975,144.3747,9.41,80,3,8.72,clear sky
678,Lalibela,ET,12.0333,39.0333,60.6,53,92,8.12,overcast clouds
679,Le Port,RE,-20.9373,55.2919,80.6,78,45,1.36,scattered clouds
680,Kuytun,RU,54.3419,101.5036,-6.38,99,100,2.66,overcast clouds
681,Luderitz,NA,-26.6481,15.1594,67.96,81,87,10.33,overcast clouds
682,Ayr,GB,55.4627,-4.6339,44.58,87,75,31.07,broken clouds
683,Meadow Lake,US,34.8014,-106.5436,48.4,34,100,2.19,overcast clouds
684,Bereznik,RU,62.8551,42.7072,6.93,96,100,5.46,overcast clouds
685,Porbandar,IN,21.6422,69.6093,68.09,70,0,9.89,clear sky
686,Lagoa Formosa,BR,-18.7786,-46.4075,73.02,75,100,8.34,overcast clouds
687,Mareeba,AU,-17.0,145.4333,71.44,93,100,2.1,overcast clouds
688,Holland,US,42.7875,-86.1089,28.49,67,100,1.99,overcast clouds
689,Virginia Beach,US,36.8529,-75.978,36.18,44,0,9.22,clear sky
690,Salinas,US,36.6777,-121.6555,65.97,52,0,10.36,clear sky
691,Ballina,AU,-28.8667,153.5667,71.78,100,75,5.75,broken clouds
692,Vrangel,RU,42.7297,133.0839,15.66,66,3,10.51,clear sky
693,Yarada,IN,17.65,83.2667,84.52,51,20,2.3,mist
694,Northam,GB,51.0333,-4.2167,49.24,96,98,19.91,overcast clouds
695,Farafangana,MG,-22.8167,47.8333,75.34,78,2,5.26,clear sky
696,Hommelvik,NO,63.4108,10.7942,31.59,93,75,8.05,light snow
697,West Wendover,US,40.7391,-114.0733,38.03,28,2,1.68,clear sky
698,Hirara,JP,24.8,125.2833,61.95,62,8,28.05,clear sky
